question,answer
What does the term 'Jurisdiction' refer to in legal contexts?,"Jurisdiction refers to the official power to make legal decisions and judgments. In law, it determines which court has the authority to hear and decide a case."
Explain the significance of Jurisdiction in a legal case.,Jurisdiction is crucial as it establishes the boundaries of a court's authority. It ensures that legal cases are heard in the appropriate forum based on location and subject matter.
How is Jurisdiction defined in the context of law?,"Jurisdiction is defined by legal parameters such as geographical boundaries, types of cases, and the level of the court. It clarifies where legal authority resides."
What are the responsibilities of a Jurisdiction in the legal system?,"Jurisdiction is responsible for ensuring fair and impartial legal proceedings. It decides which court has the authority to handle specific cases, preventing legal chaos."
Discuss the role of Jurisdiction in civil disputes.,"In civil disputes, jurisdiction determines where the case will be heard. It impacts the legal process and the application of relevant laws."
Provide examples illustrating the concept of Jurisdiction in law.,"For example, a case involving a contract dispute may fall under the jurisdiction where the contract was formed or where the parties involved reside."
What is the meaning of Jurisdiction in legal terms?,"In legal terms, jurisdiction refers to the authority granted to a court to hear and decide legal matters within a defined area or subject matter."
Can you explain the legal concept of Jurisdiction?,Certainly! Jurisdiction is the legal authority of a court to hear and decide cases. It ensures that cases are heard in the appropriate venue.
Tell me about Jurisdiction in the context of law.,Jurisdiction in law determines which court has the authority to hear a case. It is a fundamental aspect of legal proceedings.
Describe the legal implications of Jurisdiction.,"The legal implications of jurisdiction involve the proper administration of justice, preventing forum shopping, and ensuring a fair trial."
How does Jurisdiction apply to legal cases?,Jurisdiction applies by defining the scope of a court's authority. It determines where legal cases can be heard and decided.
What are the legal rights associated with Jurisdiction?,"Legal rights related to jurisdiction include the right to have a case heard in a fair and appropriate court, ensuring due process."
Provide information on Jurisdiction in the legal field.,"In the legal field, jurisdiction is a foundational concept, ensuring that cases are adjudicated in the proper forum, promoting legal order."
Elaborate on the role of Jurisdiction in legal proceedings.,"In legal proceedings, jurisdiction plays a crucial role in establishing the authority of the court, guiding the entire legal process."
What laws govern Jurisdiction?,"Jurisdiction is governed by laws that define the authority of different courts, including statutes and legal precedents."
Explain the legal responsibilities related to Jurisdiction.,Legal responsibilities related to jurisdiction include correctly applying the law to determine the appropriate court for a case.
Are there specific regulations for Jurisdiction?,"Yes, there are specific regulations, including statutes and rules of procedure, that dictate how jurisdiction is determined in legal cases."
How is Jurisdiction addressed in criminal cases?,"In criminal cases, jurisdiction determines which court has the authority to hear and decide the case, ensuring a fair trial."
Discuss the legal significance of Jurisdiction.,"The legal significance of jurisdiction lies in its role in maintaining order in the legal system, preventing venue shopping, and upholding the rule of law."
What are the key legal considerations for Jurisdiction?,"Key legal considerations for jurisdiction include geographical boundaries, subject matter, and the hierarchy of courts, ensuring proper legal proceedings."
What is the meaning of Plaintiff in legal terms?,"In legal terms, a plaintiff is the party bringing a legal action or lawsuit against another party, seeking a legal remedy."
Can you explain the legal concept of Plaintiff?,Certainly! A plaintiff is the individual or entity initiating a legal action by filing a complaint to seek legal redress.
Tell me about Plaintiff in the context of law.,"In the context of law, a plaintiff is the aggrieved party who asserts a legal claim, seeking a resolution through the legal system."
Describe the legal implications of Plaintiff.,The legal implications of a plaintiff involve asserting legal rights and seeking remedies through the formal legal process.
How does Plaintiff apply to legal cases?,"In legal cases, the plaintiff initiates legal proceedings, presenting a case to the court and seeking a judgment or remedy."
What are the legal rights associated with Plaintiff?,"Legal rights associated with a plaintiff include the right to a fair trial, the right to present evidence, and the right to seek legal remedies."
Provide information on Plaintiff in the legal field.,"In the legal field, a plaintiff is a crucial party in civil litigation, playing a central role in initiating and pursuing legal actions."
Elaborate on the role of Plaintiff in legal proceedings.,"In legal proceedings, the plaintiff serves as the initiator of the case, presenting evidence and arguments to support their legal claims."
What laws govern Plaintiff?,"Laws governing plaintiffs include procedural rules, evidence laws, and substantive laws relevant to the specific legal claims asserted."
Explain the legal responsibilities related to Plaintiff.,"Legal responsibilities related to a plaintiff include providing accurate information, adhering to procedural rules, and cooperating in the legal process."
Are there specific regulations for Plaintiff?,"Yes, specific regulations outline the procedures and requirements for plaintiffs, ensuring fair and orderly legal proceedings."
How is Plaintiff addressed in criminal cases?,"In criminal cases, the term 'plaintiff' is not used; instead, the prosecution represents the state or government against the accused."
Discuss the legal significance of Plaintiff.,"The legal significance of a plaintiff lies in their role as the initiator of legal actions, seeking justice and remedies through the legal system."
What are the key legal considerations for Plaintiff?,"Key legal considerations for plaintiffs include the merits of the legal claims, compliance with procedural rules, and the presentation of compelling evidence."
What is the meaning of Defendant in legal terms?,"In legal terms, a defendant is the party against whom a legal action or lawsuit is brought, responding to the allegations made by the plaintiff."
Can you explain the legal concept of Defendant?,"Certainly! A defendant is the party being accused or sued in a legal case, defending against the claims brought by the plaintiff."
Tell me about Defendant in the context of law.,"In the context of law, a defendant is a party who must respond to legal allegations and defend their interests in court."
Describe the legal implications of Defendant.,"The legal implications of a defendant involve responding to legal claims, presenting a defense, and facing potential legal consequences."
How does Defendant apply to legal cases?,"In legal cases, the defendant is the party being accused, and their role involves responding to the plaintiff's claims and presenting a defense."
What are the legal rights associated with Defendant?,"Legal rights associated with a defendant include the right to a fair trial, the right to present a defense, and the right to be heard in court."
Provide information on Defendant in the legal field.,"In the legal field, a defendant is a crucial party in legal proceedings, with the right to defend against legal claims."
Elaborate on the role of Defendant in legal proceedings.,"In legal proceedings, the defendant plays a central role in responding to legal claims, presenting a defense, and participating in the court process."
What laws govern Defendant?,"Laws governing defendants include procedural rules, constitutional rights, and substantive laws relevant to the legal claims against them."
Explain the legal responsibilities related to Defendant.,"Legal responsibilities related to a defendant include responding to legal claims, complying with court orders, and participating in the legal process."
Are there specific regulations for Defendant?,"Yes, specific regulations outline the rights and responsibilities of defendants, ensuring a fair and just legal process."
How is Defendant addressed in criminal cases?,"In criminal cases, the term 'defendant' is used to refer to the accused individual or entity facing criminal charges."
Discuss the legal significance of Defendant.,"The legal significance of a defendant lies in their role as the party defending against legal claims, with rights and responsibilities in the legal process."
What are the key legal considerations for Defendant?,"Key legal considerations for defendants include building a strong defense, protecting legal rights, and navigating the legal process effectively."
What is the meaning of Civil Law in legal terms?,"In legal terms, civil law refers to the body of laws that govern private disputes between individuals or entities, excluding criminal and family law."
Can you explain the legal concept of Civil Law?,"Certainly! Civil law encompasses legal rules and principles that address non-criminal matters, focusing on resolving disputes and providing remedies."
Tell me about Civil Law in the context of law.,"In the context of law, civil law deals with private rights and remedies, covering areas such as contracts, torts, and property disputes."
Describe the legal implications of Civil Law.,"The legal implications of civil law involve resolving disputes through court judgments, typically by awarding monetary damages or equitable relief."
How does Civil Law apply to legal cases?,"Civil law applies to legal cases involving private disputes, where one party seeks compensation or specific performance from another."
What are the legal rights associated with Civil Law?,"Legal rights associated with civil law include the right to seek compensation, the right to a fair trial, and the right to enforce contractual agreements."
Provide information on Civil Law in the legal field.,"In the legal field, civil law provides the framework for resolving private disputes and seeking remedies through the civil court system."
Elaborate on the role of Civil Law in legal proceedings.,"In legal proceedings, civil law guides the resolution of disputes, with the court deciding on the rights and obligations of the parties involved."
What laws govern Civil Law?,"Civil law is governed by statutes, common law principles, and legal precedents that specifically pertain to non-criminal legal matters."
Explain the legal responsibilities related to Civil Law.,"Legal responsibilities related to civil law include adhering to contractual obligations, avoiding tortious conduct, and respecting property rights."
Are there specific regulations for Civil Law?,"Yes, specific regulations outline the procedures and rules for civil law cases, ensuring a fair and orderly resolution of private disputes."
How is Civil Law addressed in criminal cases?,"In criminal cases, civil law is distinct and does not apply directly. Criminal cases involve offenses against the state, not private disputes."
Discuss the legal significance of Civil Law.,"The legal significance of civil law lies in its role in resolving private disputes and providing remedies, contributing to the overall justice system."
What are the key legal considerations for Civil Law?,"Key legal considerations for civil law include the elements of legal claims, the calculation of damages, and the principles governing contractual relationships."
What is the meaning of Criminal Law in legal terms?,"In legal terms, criminal law pertains to the body of laws that define offenses against the state, prescribing punishments for individuals found guilty of such offenses."
Can you explain the legal concept of Criminal Law?,"Certainly! Criminal law establishes the rules and procedures for prosecuting individuals accused of committing crimes, aiming to protect society and maintain order."
Tell me about Criminal Law in the context of law.,"In the context of law, criminal law focuses on crimes, including offenses against persons, property, and the state, with penalties ranging from fines to imprisonment."
Describe the legal implications of Criminal Law.,"The legal implications of criminal law involve the prosecution of individuals accused of crimes, with potential consequences such as incarceration or fines."
How does Criminal Law apply to legal cases?,"Criminal law applies to legal cases by defining and prosecuting offenses against public order or the state. It involves investigating, charging, and trying individuals accused of committing crimes."
What are the legal rights associated with Criminal Law?,"Legal rights associated with criminal law include the right to a fair trial, the presumption of innocence, the right to legal representation, and protection from self-incrimination."
Provide information on Criminal Law in the legal field.,"In the legal field, Criminal Law focuses on offenses against the state or public, with penalties such as imprisonment or fines. It involves prosecuting and defending individuals accused of criminal activities."
Elaborate on the role of Criminal Law in legal proceedings.,"The role of Criminal Law in legal proceedings is to ensure justice by prosecuting individuals accused of crimes. It involves presenting evidence, examining witnesses, and determining guilt or innocence."
What laws govern Criminal Law?,"Criminal Law is governed by statutes and codes that define criminal offenses, penalties, and legal procedures. These laws vary by jurisdiction and may encompass both substantive and procedural aspects."
Explain the legal responsibilities related to Criminal Law.,"Legal responsibilities related to Criminal Law include upholding due process, ensuring fair trials, protecting defendants' rights, and prosecuting crimes ethically and in accordance with the law."
Are there specific regulations for Criminal Law?,"Yes, Criminal Law is regulated by specific statutes and regulations that outline prohibited conduct, penalties, and procedural requirements. These regulations vary by jurisdiction."
How is Criminal Law addressed in criminal cases?,"Criminal Law is addressed in criminal cases through investigations, charges, trials, and sentencing. Legal professionals, including prosecutors and defense attorneys, play crucial roles in these proceedings."
what is the meaning of law,"""A system of rules and regulations enforced by a governing authority to maintain order and justice in society."""
what is the meaning of law,"""Law is a system of rules that a society or government develops to regulate the actions of its members and maintain order."""
what are murder laws,"""Murder laws define the crime of murder, its degrees and levels, and the penalties associated with each."""
what are murder laws,"""Murder laws define and specify the criminal offense of intentionally causing the death of another person."""
